{
  "5": {
    "var-estim": -0.00839025503794133,
    "coverage": 0.9137
  },
  "10": {
    "var-estim": -0.009491214845173346,
    "coverage": 0.9454
  },
  "20": {
    "var-estim": -0.011159951173397076,
    "coverage": 0.916
  },
  "30": {
    "var-estim": -0.012630538611318798,
    "coverage": 0.9182
  },
  "40": {
    "var-estim": -0.012630538611318798,
    "coverage": 0.9144
  },
  "50": {
    "var-estim": -0.013466658235025797,
    "coverage": 0.9104
  },
  "60": {
    "var-estim": -0.013466658235025797,
    "coverage": 0.9115
  },
  "70": {
    "var-estim": -0.013466658235025797,
    "coverage": 0.911
  },
  "100": {
    "var-estim": -0.013466658235025797,
    "coverage": 0.909
  }
}