{
  "metadata": {
    "es": [
      0.2,
      0.1,
      0.05
    ],
    "total_buckets": [
      5,
      10,
      20,
      25,
      50
    ],
    "scores": "time-taken",
    "env": "9-rooms",
    "spec": 7,
    "n_samples": 500
  },
  "0.2": {
    "5": {
      "bucketed": {
        "path": [
          0,
          1,
          3
        ],
        "path_buckets": [
          2,
          3
        ],
        "path_score_quantiles": [
          -0.08368871342198148,
          -0.07628156722688928
        ],
        "max_path_score_quantile": -0.07628156722688928
      },
      "all-paths": {
        "path": [
          0,
          1,
          3
        ],
        "min_path_scores": [
          -0.3257958646430419,
          -0.09133013643860366
        ],
        "max_min_path_scores": -0.09133013643860366
      }
    },
    "10": {
      "bucketed": {
        "path": [
          0,
          1,
          3
        ],
        "path_buckets": [
          4,
          6
        ],
        "path_score_quantiles": [
          -0.08368871342198148,
          -0.07628156722688928
        ],
        "max_path_score_quantile": -0.07628156722688928
      },
      "all-paths": {
        "path": [
          0,
          1,
          3
        ],
        "min_path_scores": [
          -0.3257958646430419,
          -0.09133013643860366
        ],
        "max_min_path_scores": -0.09133013643860366
      }
    },
    "20": {
      "bucketed": {
        "path": [
          0,
          1,
          3
        ],
        "path_buckets": [
          8,
          12
        ],
        "path_score_quantiles": [
          -0.08368871342198148,
          -0.07628156722688928
        ],
        "max_path_score_quantile": -0.07628156722688928
      },
      "all-paths": {
        "path": [
          0,
          1,
          3
        ],
        "min_path_scores": [
          -0.3257958646430419,
          -0.09133013643860366
        ],
        "max_min_path_scores": -0.09133013643860366
      }
    },
    "25": {
      "bucketed": {
        "path": [
          0,
          1,
          3
        ],
        "path_buckets": [
          10,
          15
        ],
        "path_score_quantiles": [
          -0.08368871342198148,
          -0.07628156722688928
        ],
        "max_path_score_quantile": -0.07628156722688928
      },
      "all-paths": {
        "path": [
          0,
          1,
          3
        ],
        "min_path_scores": [
          -0.3257958646430419,
          -0.09133013643860366
        ],
        "max_min_path_scores": -0.09133013643860366
      }
    },
    "50": {
      "bucketed": {
        "path": [
          0,
          1,
          3
        ],
        "path_buckets": [
          19,
          31
        ],
        "path_score_quantiles": [
          -0.07899729372406838,
          -0.08157156577560087
        ],
        "max_path_score_quantile": -0.07899729372406838
      },
      "all-paths": {
        "path": [
          0,
          1,
          3
        ],
        "min_path_scores": [
          -0.3257958646430419,
          -0.09133013643860366
        ],
        "max_min_path_scores": -0.09133013643860366
      }
    }
  },
  "0.1": {
    "5": {
      "bucketed": {
        "path": [
          0,
          1,
          3
        ],
        "path_buckets": [
          2,
          3
        ],
        "path_score_quantiles": [
          -0.041221345841474744,
          -0.0338591319596091
        ],
        "max_path_score_quantile": -0.0338591319596091
      },
      "all-paths": {
        "path": [
          0,
          1,
          3
        ],
        "min_path_scores": [
          -0.31481780985774677,
          -0.04774953641097568
        ],
        "max_min_path_scores": -0.04774953641097568
      }
    },
    "10": {
      "bucketed": {
        "path": [
          0,
          1,
          3
        ],
        "path_buckets": [
          4,
          6
        ],
        "path_score_quantiles": [
          -0.041221345841474744,
          -0.0338591319596091
        ],
        "max_path_score_quantile": -0.0338591319596091
      },
      "all-paths": {
        "path": [
          0,
          1,
          3
        ],
        "min_path_scores": [
          -0.31481780985774677,
          -0.04774953641097568
        ],
        "max_min_path_scores": -0.04774953641097568
      }
    },
    "20": {
      "bucketed": {
        "path": [
          0,
          1,
          3
        ],
        "path_buckets": [
          8,
          12
        ],
        "path_score_quantiles": [
          -0.041221345841474744,
          -0.0338591319596091
        ],
        "max_path_score_quantile": -0.0338591319596091
      },
      "all-paths": {
        "path": [
          0,
          1,
          3
        ],
        "min_path_scores": [
          -0.31481780985774677,
          -0.04774953641097568
        ],
        "max_min_path_scores": -0.04774953641097568
      }
    },
    "25": {
      "bucketed": {
        "path": [
          0,
          1,
          3
        ],
        "path_buckets": [
          11,
          14
        ],
        "path_score_quantiles": [
          -0.04476490852971082,
          -0.0338591319596091
        ],
        "max_path_score_quantile": -0.0338591319596091
      },
      "all-paths": {
        "path": [
          0,
          1,
          3
        ],
        "min_path_scores": [
          -0.31481780985774677,
          -0.04774953641097568
        ],
        "max_min_path_scores": -0.04774953641097568
      }
    },
    "50": {
      "bucketed": {
        "path": [
          0,
          1,
          3
        ],
        "path_buckets": [
          22,
          28
        ],
        "path_score_quantiles": [
          -0.04476490852971082,
          -0.0338591319596091
        ],
        "max_path_score_quantile": -0.0338591319596091
      },
      "all-paths": {
        "path": [
          0,
          1,
          3
        ],
        "min_path_scores": [
          -0.31481780985774677,
          -0.04774953641097568
        ],
        "max_min_path_scores": -0.04774953641097568
      }
    }
  },
  "0.05": {
    "5": {
      "bucketed": {
        "path": [
          0,
          1,
          3
        ],
        "path_buckets": [
          1,
          4
        ],
        "path_score_quantiles": [
          -0.005387944758176388,
          -0.0076358888785392764
        ],
        "max_path_score_quantile": -0.005387944758176388
      },
      "all-paths": {
        "path": [
          0,
          1,
          3
        ],
        "min_path_scores": [
          -0.020875300995630397,
          -0.19928201165346593
        ],
        "max_min_path_scores": -0.020875300995630397
      }
    },
    "10": {
      "bucketed": {
        "path": [
          0,
          1,
          3
        ],
        "path_buckets": [
          3,
          7
        ],
        "path_score_quantiles": [
          -0.00923627080783973,
          -0.006834012522887178
        ],
        "max_path_score_quantile": -0.006834012522887178
      },
      "all-paths": {
        "path": [
          0,
          1,
          3
        ],
        "min_path_scores": [
          -0.020875300995630397,
          -0.19928201165346593
        ],
        "max_min_path_scores": -0.020875300995630397
      }
    },
    "20": {
      "bucketed": {
        "path": [
          0,
          1,
          3
        ],
        "path_buckets": [
          7,
          13
        ],
        "path_score_quantiles": [
          -0.011888804230860472,
          -0.006834012522887178
        ],
        "max_path_score_quantile": -0.006834012522887178
      },
      "all-paths": {
        "path": [
          0,
          1,
          3
        ],
        "min_path_scores": [
          -0.020875300995630397,
          -0.19928201165346593
        ],
        "max_min_path_scores": -0.020875300995630397
      }
    },