{
  "metadata": {
    "es": [
      0.2,
      0.1,
      0.05
    ],
    "total_buckets": [
      10,
      20,
      40,
      50,
      100
    ],
    "scores": "cum-reward",
    "env": "16-rooms-3",
    "spec": 13,
    "n_samples": 10000
  },
  "0.2": {
    "10": {
      "bucketed": {
        "path": [
          0,
          1,
          3,
          4,
          6,
          8,
          9,
          11,
          12
        ],
        "path_buckets": [
          1,
          0,
          1,
          2,
          1,
          2,
          2,
          1
        ],
        "path_score_quantiles": [
          -0.01989789421532251,
          -0.2894615056244447,
          -0.025449279630374022,
          -0.0289531541083079,
          -0.020333627009470945,
          -0.027702449191695067,
          -0.02595023135526553,
          -0.021928114516692965
        ],
        "max_path_score_quantile": -0.01989789421532251
      },
      "all-paths": {
        "path": [
          0,
          1,
          3,
          4,
          6,
          8,
          9,
          10,
          12
        ],
        "min_path_scores": [
          -0.36582603694724014,
          -0.3920249729266061,
          -0.21506810262883036,
          -0.8870077462668604,
          -0.8806898580140583,
          -0.027702449191695067,
          -0.7449540362172158,
          -0.36183608106769327
        ],
        "max_min_path_scores": -0.027702449191695067
      },
      "bucketed-coverage": 0.8344,
      "all-paths-coverage": 0.8126
    },
    "20": {
      "bucketed": {
        "path": [
          0,
          1,
          3,
          4,
          6,
          8,
          9,
          11,
          12
        ],
        "path_buckets": [
          3,
          0,
          2,
          3,
          3,
          4,
          3,
          2
        ],
        "path_score_quantiles": [
          -0.02899285280778585,
          -0.2894615056244447,
          -0.025449279630374022,
          -0.024479319577579872,
          -0.025052684395575398,
          -0.027702449191695067,
          -0.021963878542528015,
          -0.021928114516692965
        ],
        "max_path_score_quantile": -0.021928114516692965
      },
      "all-paths": {
        "path": [
          0,
          1,
          3,
          4,
          6,
          8,
          9,
          10,
          12
        ],
        "min_path_scores": [
          -0.36582603694724014,
          -0.3920249729266061,
          -0.21506810262883036,
          -0.8870077462668604,
          -0.8806898580140583,
          -0.027702449191695067,
          -0.7449540362172158,
          -0.36183608106769327
        ],
        "max_min_path_scores": -0.027702449191695067
      },
      "bucketed-coverage": 0.8494,
      "all-paths-coverage": 0.8126
    },
    "40": {
      "bucketed": {
        "path": [
          0,
          1,
          3,
          4,
          6,
          8,
          9,
          10,
          12
        ],
        "path_buckets": [
          6,
          0,
          4,
          7,
          5,
          7,
          4,
          7
        ],
        "path_score_quantiles": [
          -0.02899285280778585,
          -0.2894615056244447,
          -0.025449279630374022,
          -0.02539132331111915,
          -0.025052684395575398,
          -0.027702449191695067,
          -0.026499572423897888,
          -0.03240130191926305
        ],
        "max_path_score_quantile": -0.025052684395575398
      },
      "all-paths": {
        "path": [
          0,
          1,
          3,
          4,
          6,
          8,
          9,
          10,
          12
        ],
        "min_path_scores": [
          -0.36582603694724014,
          -0.3920249729266061,
          -0.21506810262883036,
          -0.8870077462668604,
          -0.8806898580140583,
          -0.027702449191695067,
          -0.7449540362172158,
          -0.36183608106769327
        ],
        "max_min_path_scores": -0.027702449191695067
      },
      "bucketed-coverage": 0.835,
      "all-paths-coverage": 0.8126
    },
    "50": {
      "bucketed": {
        "path": [
          0,
          1,
          3,
          4,
          6,
          8,
          9,
          10,
          12
        ],
        "path_buckets": [
          7,
          0,
          5,
          10,
          6,
          8,
          5,
          9
        ],
        "path_score_quantiles": [
          -0.02706254108364803,
          -0.2894615056244447,
          -0.025449279630374022,
          -0.0289531541083079,
          -0.025052684395575398,
          -0.027702449191695067,
          -0.026499572423897888,
          -0.03240130191926305
        ],
        "max_path_score_quantile": -0.025052684395575398
      },
      "all-paths": {
        "path": [
          0,
          1,
          3,
          4,
          6,
          8,
          9,
          10,
          12
        ],
        "min_path_scores": [
          -0.36582603694724014,
          -0.3920249729266061,
          -0.21506810262883036,
          -0.8870077462668604,
          -0.8806898580140583,
          -0.027702449191695067,
          -0.7449540362172158,
          -0.36183608106769327
        ],
        "max_min_path_scores": -0.027702449191695067
      },
      "bucketed-coverage": 0.8329,
      "all-paths-coverage": 0.8126
    },
    "100": {
      "bucketed": {
        "path": [
          0,
          1,
          3,
          4,
          6,
          8,
          9,
          10,
          12
        ],
        "path_buckets": [
          14,
          0,
          11,
          17,
          16,
          16,
          9,
          17
        ],
        "path_score_quantiles": [
          -0.02706254108364803,
          -0.2894615056244447,
          -0.026282198468940976,
          -0.02539132331111915,
          -0.030866874105178965,
          -0.027702449191695067,
          -0.026499572423897888,
          -0.03240130191926305
        ],
        "max_path_score_quantile": -0.02539132331111915
      },
      "all-paths": {
        "path": [
          0,
          1,
          3,
          4,
          6,
          8,
          9,
          10,
          12
        ],
        "min_path_scores": [
          -0.36582603694724014,
          -0.3920249729266061,
          -0.21506810262883036,
          -0.8870077462668604,
          -0.8806898580140583,
          -0.027702449191695067,
          -0.7449540362172158,
          -0.36183608106769327
        ],
        "max_min_path_scores": -0.027702449191695067
      },
      "bucketed-coverage": 0.8274,
      "all-paths-coverage": 0.8126
    }
  },
  "0.1": {
    "10": {
      "bucketed": {
        "path": [
          0,
          1,
          3,
          4,
          6,
          8,
          9,
          11,
          12
        ],
        "path_buckets": [
          1,
          0,
          1,
          3,
          1,
          0,
          2,
          2
        ],
        "path_score_quantiles": [
          -0.00999595490081262,
          -0.2894615056244447,
          -0.015462789845436475,
          -0.024479319577579872,
          -0.011159951173397076,
          -0.009491214845173346,
          -0.012349717337552413,
          -0.021928114516692965
        ],
        "max_path_score_quantile": -0.009491214845173346
      },
      "all-paths": {
        "path": [
          0,
          1,
          3,
          4,
          6,
          8,
          9,
          10,
          12
        ],
        "min_path_scores": [
          -0.18281022165797367,
          -0.6205628614161007,
          -0.15725248053736784,
          -0.3924356477412516,
          -0.6737545147144033,
          -0.5371976438177768,
          -0.49574207174247853,
          -0.013466658235025797
        ],
        "max_min_path_scores": -0.013466658235025797
      },
      "bucketed-coverage": 0.9225,