{
  "metadata": {
    "es": [
      0.2,
      0.1,
      0.05
    ],
    "total_buckets": [
      100
    ],
    "scores": "cum-reward",
    "env": "16-rooms-3",
    "spec": 13,
    "n_samples": 10000
  },
  "0.2": {
    "100": {
      "bucketed": {
        "path": [
          0,
          1,
          3,
          4,
          6,
          8,
          9,
          10,
          12
        ],
        "path_buckets": [
          13,
          0,
          11,
          20,
          12,
          17,
          8,
          19
        ],
        "path_score_quantiles": [
          -0.025739466051668103,
          -0.2894615056244447,
          -0.025449279630374022,
          -0.0289531541083079,
          -0.025052684395575398,
          -0.027702449191695067,
          -0.026499572423897888,
          -0.03240130191926305
        ],
        "max_path_score_quantile": -0.025052684395575398,
        "bucketed_cvar": -0.013422032105339347
      },
      "all-paths": {
        "path": [
          0,
          1,
          3,
          4,
          6,
          8,
          9,
          10,
          12
        ],
        "min_path_scores": [
          -0.7576746445624103,
          -0.40597288892511685,
          -0.16695416661493745,
          -0.03924330234285378,
          -0.8537530689493025,
          -0.027702449191695067,
          -0.09139808433166863,
          -0.45889421094805716
        ],
        "max_min_path_scores": -0.027702449191695067
      },
      "cvar-baseline": {
        "path": [
          0,
          1,
          3,
          4,
          6,
          8,
          9,
          11,
          12
        ],
        "cvar_value": -0.013863105820806755
      },
      "cvar-error": {
        "cvar_absolute_error": -0.0004410737154674077,
        "cvar_relative_error": 0.031816370816805876
      },
      "bucketed-coverage": 0.822,
      "bucketed-cvar-coverage": 0.9082,
      "all-paths-coverage": 0.802,
      "cvar-coverage": 0.8975
    }
  },
  "0.1": {
    "100": {
      "bucketed": {
        "path": [
          0,
          1,
          3,
          4,
          6,
          8,
          9,
          10,
          12
        ],
        "path_buckets": [
          14,
          0,
          9,
          23,
          18,
          12,
          7,
          17
        ],
        "path_score_quantiles": [
          -0.014580766897271502,
          -0.2894615056244447,
          -0.014432115428625991,
          -0.020474734610260725,
          -0.014992648694963862,
          -0.014692137008569972,
          -0.015742597145486315,
          -0.013466658235025797
        ],
        "max_path_score_quantile": -0.013466658235025797,
        "bucketed_cvar": -0.0077182936542973925
      },
      "all-paths": {
        "path": [
          0,
          1,
          3,
          5,
          6,
          7,
          9,
          10,
          12
        ],
        "min_path_scores": [
          -0.6819935041408698,
          -0.6335986206986206,
          -0.5650000253480201,
          -0.013621607952254422,
          -0.649334387023421,
          -0.5812171542549365,
          -0.5662191521414108,
          -0.19587492278913654
        ],
        "max_min_path_scores": -0.013621607952254422
      },
      "cvar-baseline": {
        "path": [
          0,
          1,
          3,
          4,
          6,
          8,
          9,
          11,
          12
        ],
        "cvar_value": -0.007267560659473716
      },
      "cvar-error": {
        "cvar_absolute_error": 0.00045073299482367626,
        "cvar_relative_error": -0.062019846265213875
      },
      "bucketed-coverage": 0.9068,
      "bucketed-cvar-coverage": 0.9526,
      "all-paths-coverage": 0.8993,
      "cvar-coverage": 0.9434
    }
  },
  "0.05": {
    "100": {
      "bucketed": {
        "path": [
          0,
          1,
          3,
          4,
          6,
          8,
          9,
          10,
          12
        ],
        "path_buckets": [
          17,
          0,
          14,
          32,
          3,
          0,
          0,
          34
        ],
        "path_score_quantiles": [
          -0.008890280946172169,
          -0.2894615056244447,
          -0.011730369485738024,
          -0.0090186631539666,
          -0.011159951173397076,
          -0.009491214845173346,
          -0.00839025503794133,
          -0.013466658235025797
        ],
        "max_path_score_quantile": -0.00839025503794133,
        "bucketed_cvar": -0.0050721988613988776
      },
      "all-paths": {
        "path": [
          0,
          1,
          3,
          4,
          6,
          8,
          9,
          10,
          12
        ],
        "min_path_scores": [
          -0.7843888924312541,
          -0.8448839574161404,
          -0.041764627277041555,
          -0.4013082652863105,
          -0.6760372830518406,
          -0.5612594667817739,
          -0.00839025503794133,
          -0.8756337794429507
        ],
        "max_min_path_scores": -0.00839025503794133
      },
      "cvar-baseline": {
        "path": [
          0,
          1,
          3,
          4,
          6,
          8,
          9,
          11,
          12
        ],
        "cvar_value": -0.004507907479813991
      },
      "cvar-error": {
        "cvar_absolute_error": 0.0005642913815848867,
        "cvar_relative_error": -0.12517811958469277
      },
      "bucketed-coverage": 0.9494,
      "bucketed-cvar-coverage": 0.9655,
      "all-paths-coverage": 0.95,
      "cvar-coverage": 0.987
    }
  }
}