{
  "5": {
    "var-estim": 0.36280178789856143,
    "coverage": 0.9075
  },
  "10": {
    "var-estim": 0.3553109308420516,
    "coverage": 0.9086
  },
  "20": {
    "var-estim": 0.3497935712014667,
    "coverage": 0.9096
  },
  "30": {
    "var-estim": 0.34827107668645196,
    "coverage": 0.9092
  },
  "40": {
    "var-estim": 0.34827107668645196,
    "coverage": 0.911
  },
  "50": {
    "var-estim": 0.34827107668645196,
    "coverage": 0.9099
  },
  "60": {
    "var-estim": 0.34827107668645196,
    "coverage": 0.9086
  },
  "70": {
    "var-estim": 0.34827107668645196,
    "coverage": 0.909
  },
  "100": {
    "var-estim": 0.34827107668645196,
    "coverage": 0.9095
  }
}