{
  "metadata": {
    "es": [
      0.2,
      0.1,
      0.05
    ],
    "total_buckets": [
      30
    ],
    "scores": "cum-reward",
    "env": "fetch",
    "spec": 5,
    "n_samples": 10000
  },
  "0.2": {
    "30": {
      "bucketed": {
        "path": [
          0,
          1,
          2,
          3,
          6,
          7
        ],
        "path_buckets": [
          0,
          0,
          1,
          15,
          14
        ],
        "path_score_quantiles": [
          0.019644480399522823,
          0.028324105443773,
          0.025215510840397914,
          0.023894845991209113,
          0.02474518116928337
        ],
        "max_path_score_quantile": 0.028324105443773,
        "bucketed_cvar": 0.35889906767208063
      },
      "all-paths": {
        "path": [
          0,
          1,
          2,
          3,
          6,
          7
        ],
        "min_path_scores": [
          -0.01143063306128651,
          -0.02255238943896757,
          0.024932360510262153,
          0.01480015969055773,
          0.0011392324227375312
        ],
        "max_min_path_scores": 0.024932360510262153
      },
      "cvar-baseline": {
        "path": [
          0,
          1,
          2,
          3,
          4,
          5
        ],
        "cvar_value": 0.3175340435411692
      },
      "cvar-error": {
        "cvar_absolute_error": -0.04136502413091142,
        "cvar_relative_error": -0.1302695725774938
      },
      "bucketed-coverage": 0.7982,
      "bucketed-cvar-coverage": 0.8896,
      "all-paths-coverage": 0.7862,
      "cvar-coverage": 0.8815
    }
  },
  "0.1": {
    "30": {
      "bucketed": {
        "path": [
          0,
          1,
          2,
          3,
          4,
          5
        ],
        "path_buckets": [
          0,
          0,
          1,
          14,
          15
        ],
        "path_score_quantiles": [
          0.019644480399522823,
          0.028324105443773,
          0.025215510840707445,
          0.33787803114485826,
          0.3497935712014667
        ],
        "max_path_score_quantile": 0.3497935712014667,
        "bucketed_cvar": 0.4115125386493888
      },
      "all-paths": {
        "path": [
          0,
          1,
          2,
          3,
          4,
          5
        ],
        "min_path_scores": [
          -0.01082920665583293,
          -0.015871329705420992,
          -0.0010279778994058408,
          0.3433773651923437,
          -0.0009782469892314766
        ],
        "max_min_path_scores": 0.3433773651923437
      },
      "cvar-baseline": {
        "path": [
          0,
          1,
          2,
          3,
          4,
          5
        ],
        "cvar_value": 0.4094454733558557
      },
      "cvar-error": {
        "cvar_absolute_error": -0.0020670652935331213,
        "cvar_relative_error": -0.005048450716993521
      },
      "bucketed-coverage": 0.9039,
      "bucketed-cvar-coverage": 0.9674,
      "all-paths-coverage": 0.9018,
      "cvar-coverage": 0.9674
    }
  },
  "0.05": {
    "30": {
      "bucketed": {
        "path": [
          0,
          1,
          2,
          3,
          4,
          5
        ],
        "path_buckets": [
          0,
          0,
          1,
          13,
          16
        ],
        "path_score_quantiles": [
          0.019644480399522823,
          0.028324105443773,
          0.02521551084301865,
          0.38806500856846293,
          0.39139262671625114
        ],
        "max_path_score_quantile": 0.39139262671625114,
        "bucketed_cvar": 0.45080861653777504
      },
      "all-paths": {
        "path": [
          0,
          1,
          2,
          3,
          4,
          5
        ],
        "min_path_scores": [
          -0.003638812459179748,
          -0.01754835530903425,
          -0.0016804775418396978,
          -0.0035594429492706234,
          0.38959553071268627
        ],
        "max_min_path_scores": 0.38959553071268627
      },
      "cvar-baseline": {
        "path": [
          0,
          1,
          2,
          3,
          4,
          5
        ],
        "cvar_value": 0.4526362761378211
      },
      "cvar-error": {
        "cvar_absolute_error": 0.0018276596000460499,
        "cvar_relative_error": 0.004037810702316653
      },
      "bucketed-coverage": 0.9518,
      "bucketed-cvar-coverage": 0.9819,
      "all-paths-coverage": 0.9509,
      "cvar-coverage": 0.9825
    }
  }
}