{
  "metadata": {
    "es": [
      0.2,
      0.1,
      0.05
    ],
    "total_buckets": [
      5
    ],
    "scores": "cum-reward",
    "env": "9-rooms",
    "spec": 0,
    "n_samples": 10000
  },
  "0.2": {
    "5": {
      "bucketed": {
        "path": [
          0,
          1,
          3
        ],
        "path_buckets": [
          0,
          5
        ],
        "path_score_quantiles": [
          -0.17174973301806762,
          17.635075555931472
        ],
        "max_path_score_quantile": 17.635075555931472,
        "bucketed_cvar": 17.646941630870476
      },
      "all-paths": {
        "path": [
          0,
          1,
          3
        ],
        "min_path_scores": [
          -0.27133136408702263,
          17.635075555931472
        ],
        "max_min_path_scores": 17.635075555931472
      },
      "cvar-baseline": {
        "path": [
          0,
          1,
          3
        ],
        "cvar_value": 17.649118795993054
      },
      "cvar-error": {
        "cvar_absolute_error": 0.002177165122578373,
        "cvar_relative_error": 0.00012335829044749037
      },
      "bucketed-coverage": 0.8015,
      "bucketed-cvar-coverage": 0.8456,
      "all-paths-coverage": 0.8018,
      "cvar-coverage": 0.883
    }
  },
  "0.1": {
    "5": {
      "bucketed": {
        "path": [
          0,
          1,
          3
        ],
        "path_buckets": [
          0,
          5
        ],
        "path_score_quantiles": [
          -0.17174973301806762,
          17.649722577615393
        ],
        "max_path_score_quantile": 17.649722577615393,
        "bucketed_cvar": 17.652169671626954
      },
      "all-paths": {
        "path": [
          0,
          1,
          3
        ],
        "min_path_scores": [
          -0.2859990529056805,
          17.649722577615393
        ],
        "max_min_path_scores": 17.649722577615393
      },
      "cvar-baseline": {
        "path": [
          0,
          1,
          3
        ],
        "cvar_value": 17.65270423888254
      },
      "cvar-error": {
        "cvar_absolute_error": 0.0005345672555847614,
        "cvar_relative_error": 3.028245691712789e-05
      },
      "bucketed-coverage": 0.8979,
      "bucketed-cvar-coverage": 0.9353,
      "all-paths-coverage": 0.8982,
      "cvar-coverage": 0.9472
    }
  },
  "0.05": {
    "5": {
      "bucketed": {
        "path": [
          0,
          1,
          3
        ],
        "path_buckets": [
          0,
          5
        ],
        "path_score_quantiles": [
          -0.17174973301806762,
          17.653406427174815
        ],
        "max_path_score_quantile": 17.653406427174815,
        "bucketed_cvar": 17.653882169289687
      },
      "all-paths": {
        "path": [
          0,
          1,
          3
        ],
        "min_path_scores": [
          -0.27389303786789865,
          17.653406427174815
        ],
        "max_min_path_scores": 17.653406427174815
      },
      "cvar-baseline": {
        "path": [
          0,
          1,
          3
        ],
        "cvar_value": 17.65397093698928
      },
      "cvar-error": {
        "cvar_absolute_error": 8.876769959087483e-05,
        "cvar_relative_error": 5.028200165713728e-06
      },
      "bucketed-coverage": 0.9523,
      "bucketed-cvar-coverage": 0.9674,
      "all-paths-coverage": 0.9526,
      "cvar-coverage": 0.9699
    }
  }
}