{
  "metadata": {
    "es": [
      0.2,
      0.1,
      0.05
    ],
    "total_buckets": [
      30
    ],
    "scores": "cum-reward",
    "env": "9-rooms",
    "spec": 0,
    "n_samples": 10000
  },
  "0.2": {
    "30": {
      "bucketed": {
        "path": [
          0,
          1,
          3
        ],
        "path_buckets": [
          0,
          30
        ],
        "path_score_quantiles": [
          -0.17174973301806762,
          17.635075555931472
        ],
        "max_path_score_quantile": 17.635075555931472,
        "bucketed_cvar": 17.64881619746645
      },
      "all-paths": {
        "path": [
          0,
          1,
          3
        ],
        "min_path_scores": [
          -0.27133136408702263,
          17.635075555931472
        ],
        "max_min_path_scores": 17.635075555931472
      },
      "cvar-baseline": {
        "path": [
          0,
          1,
          3
        ],
        "cvar_value": 17.649118795993054
      },
      "cvar-error": {
        "cvar_absolute_error": 0.00030259852660563524,
        "cvar_relative_error": 1.7145248445737435e-05
      },
      "bucketed-coverage": 0.8015,
      "bucketed-cvar-coverage": 0.8708,
      "all-paths-coverage": 0.8018,
      "cvar-coverage": 0.883
    }
  },
  "0.1": {
    "30": {
      "bucketed": {
        "path": [
          0,
          1,
          3
        ],
        "path_buckets": [
          0,
          30
        ],
        "path_score_quantiles": [
          -0.17174973301806762,
          17.649722577615393
        ],
        "max_path_score_quantile": 17.649722577615393,
        "bucketed_cvar": 17.65263575112372
      },
      "all-paths": {
        "path": [
          0,
          1,
          3
        ],
        "min_path_scores": [
          -0.2859990529056805,
          17.649722577615393
        ],
        "max_min_path_scores": 17.649722577615393
      },
      "cvar-baseline": {
        "path": [
          0,
          1,
          3
        ],
        "cvar_value": 17.65270423888254
      },
      "cvar-error": {
        "cvar_absolute_error": 6.84877588170707e-05,
        "cvar_relative_error": 3.879731846762429e-06
      },
      "bucketed-coverage": 0.8979,
      "bucketed-cvar-coverage": 0.9472,
      "all-paths-coverage": 0.8982,
      "cvar-coverage": 0.9472
    }
  },
  "0.05": {
    "30": {
      "bucketed": {
        "path": [
          0,
          1,
          3
        ],
        "path_buckets": [
          0,
          30
        ],
        "path_score_quantiles": [
          -0.17174973301806762,
          17.653406427174815
        ],
        "max_path_score_quantile": 17.653406427174815,
        "bucketed_cvar": 17.653959698026494
      },
      "all-paths": {
        "path": [
          0,
          1,
          3
        ],
        "min_path_scores": [
          -0.27389303786789865,
          17.653406427174815
        ],
        "max_min_path_scores": 17.653406427174815
      },
      "cvar-baseline": {
        "path": [
          0,
          1,
          3
        ],
        "cvar_value": 17.65397093698928
      },
      "cvar-error": {
        "cvar_absolute_error": 1.123896278443226e-05,
        "cvar_relative_error": 6.366252003329151e-07
      },
      "bucketed-coverage": 0.9523,
      "bucketed-cvar-coverage": 0.9699,
      "all-paths-coverage": 0.9526,
      "cvar-coverage": 0.9699
    }
  }
}